OID,X,Y,ENTRC_EXIT,ACSBL_ENTR,ENTRC_TYPE,NOTES,LINE,TYPE,STATUS,YEARMONTH,COMP,MTR_AREA,STAT_NAME,ENTRC_LBL
-1,178968.356200000271201,663428.983899999409914,יציאה A - רח' יהודה הלוי / רח' רמח""ל,<Null>,מדרגות + דרגנועים, ,אדום,תחתית,קיימת,202502.000000000000000,נתע,מטרופולין תל אביב,אלנבי,A
-1,178889.999800000339746,663316.075500000268221,יציאה B - רח' מקווה ישראל,כניסה / יציאה נגישה,מדרגות + דרגנועים + מעלית, ,אדום,תחתית,קיימת,202502.000000000000000,נתע,מטרופולין תל אביב,אלנבי,B
-1,178788.870099999941885,663294.411800000816584,יציאה C - רח' אלנבי,<Null>,מדרגות + דרגנועים, ,אדום,תחתית,קיימת,202502.000000000000000,נתע,מטרופולין תל אביב,אלנבי,C
-1,179676.490100000053644,663716.393799999728799,יציאה A - רח' לינקולן,כניסה / יציאה נגישה,מדרגות + דרגנועים + מעלית, ,אדום,תחתית,קיימת,202502.000000000000000,נתע,מטרופולין תל אביב,קרליבך,A
-1,179707.329300000332296,663658.055099999532104,יציאה B - רח' יצחק שדה,כניסה / יציאה נגישה,מדרגות + דרגנועים + מעלית, ,אדום,תחתית,קיימת,202502.000000000000000,נתע,מטרופולין תל אביב,קרליבך,B
-1,179593.084999999962747,663541.511399999260902,יציאה C - דרך מנחם בגין (דרום),כניסה / יציאה נגישה,מדרגות + דרגנועים + מעלית, ,אדום,תחתית,קיימת,202502.000000000000000,נתע,מטרופולין תל אביב,קרליבך,C
-1,180155.170400000177324,664210.329800000414252,יציאה A - רח' הארבעה / מתחם שרונה,כניסה / יציאה נגישה,מדרגות + דרגנועים + מעלית, ,אדום,תחתית,קיימת,202502.000000000000000,נתע,מטרופולין תל אביב,יהודית,A
-1,180244.941399999894202,664227.947699999436736,יציאה B - דרך מנחם בגין (צפון) / שד' יהודית,<Null>,מדרגות + דרגנועים, ,אדום,תחתית,קיימת,202502.000000000000000,נתע,מטרופולין תל אביב,יהודית,B
-1,180130.302099999971688,664079.241000000387430,יציאה C - רח' המסגר,<Null>,מדרגות + דרגנועים, ,אדום,תחתית,קיימת,202502.000000000000000,נתע,מטרופולין תל אביב,יהודית,C
-1,180077.810399999842048,664105.947200000286102,יציאה D - רח' החשמונאים,<Null>,מדרגות + דרגנועים, ,אדום,תחתית,קיימת,202502.000000000000000,נתע,מטרופולין תל אביב,יהודית,D
-1,180528.588800000026822,664967.171199999749660,יציאה A - שד' שאול המלך / מחנה רבין (הקריה),כניסה / יציאה נגישה,מדרגות + דרגנועים + מעלית, ,אדום,תחתית,קיימת,202502.000000000000000,נתע,מטרופולין תל אביב,שאול המלך,A
-1,180599.229600000195205,664971.558499999344349,יציאה B - דרך מנחם בגין (צפון),<Null>,מדרגות + דרגנועים, ,אדום,תחתית,קיימת,202502.000000000000000,נתע,מטרופולין תל אביב,שאול המלך,B
-1,180506.988300000317395,664800.140100000426173,יציאה C - מרכז עזריאלי,כניסה / יציאה נגישה,"מדרגות + דרגנועים + מעלית
",שימו לב כי עד שלא יושלם הקניון החדש מדובר במדרגות בלבד,אדום,תחתית,קיימת,202502.000000000000000,נתע,מטרופולין תל אביב,שאול המלך,C
-1,180958.737300000153482,665436.601600000634789,יציאה A - מסוף סבידור,כניסה / יציאה נגישה,מדרגות + דרגנועים + מעלית, ,אדום,תחתית,קיימת,202502.000000000000000,נתע,מטרופולין תל אביב,ארלוזורוב,A
-1,180877.151499999687076,665433.140599999576807,יציאה B - רח' על פרשת דרכים,כניסה / יציאה נגישה,מדרגות + דרגנועים + מעלית, ,אדום,תחתית,קיימת,202502.000000000000000,נתע,מטרופולין תל אביב,ארלוזורוב,B
-1,181620.438099999912083,665603.892300000414252,יציאה A - דרך אבא הלל / מגדל משה אביב,<Null>,מדרגות + דרגנועים, ,אדום,תחתית,קיימת,202502.000000000000000,נתע,מטרופולין תל אביב,אבא הלל,A
-1,181532.299999999813735,665564.521600000560284,יציאה B - רחוב ארלוזורוב,<Null>,מדרגות + דרגנועים, ,אדום,תחתית,קיימת,202502.000000000000000,נתע,מטרופולין תל אביב,אבא הלל,B
-1,181531.994300000369549,665609.101199999451637,יציאה C - דרך אבא הלל / מתחם הבורסה,כניסה / יציאה נגישה,מדרגות + דרגנועים + מעלית, ,אדום,תחתית,קיימת,202502.000000000000000,נתע,מטרופולין תל אביב,אבא הלל,C
-1,182540.545500000007451,666117.374800000339746,יציאה A - דרך ז'בוטינסקי (מזרח) / רח' התקווה,<Null>,מדרגות + דרגנועים, ,אדום,תחתית,קיימת,202502.000000000000000,נתע,מטרופולין תל אביב,ביאליק,A
-1,182433.935100000351667,666006.649199999868870,יציאה B - לרח' ביאליק (דרום),<Null>,מדרגות, ,אדום,תחתית,קיימת,202502.000000000000000,נתע,מטרופולין תל אביב,ביאליק,B
-1,182421.835500000044703,666028.317199999466538,יציאה C - לרח' ביאליק (צפון),כניסה / יציאה נגישה,מדרגות + דרגנועים + מעלית, ,אדום,תחתית,קיימת,202502.000000000000000,נתע,מטרופולין תל אביב,ביאליק,C
-1,183583.875699999742210,666478.471400000154972,יציאה A - דרך ז'בוטינסקי (מזרח) / רח' רבי עקיבא,כניסה / יציאה נגישה,מדרגות + דרגנועים + מעלית, ,אדום,תחתית,קיימת,202502.000000000000000,נתע,מטרופולין תל אביב,בן־גוריון,A
-1,183469.029500000178814,666490.299399999901652,יציאה B - דרך ז'בוטינסקי (מערב) / רח' בן־גוריון,כניסה / יציאה נגישה,מדרגות + דרגנועים + מעלית, ,אדום,תחתית,קיימת,202502.000000000000000,נתע,מטרופולין תל אביב,בן־גוריון,B
-1,184936.272800000384450,666640.677899999544024,יציאה A - דרך ז'בוטינסקי (מזרח) / רח' אהרונוביץ',כניסה / יציאה נגישה,מדרגות + דרגנועים + מעלית, ,אדום,תחתית,קיימת,202502.000000000000000,נתע,מטרופולין תל אביב,אהרונוביץ׳,A
-1,184882.564799999818206,666670.246799999848008,יציאה B - דרך ז'בוטינסקי (מערב) / רח' אוסישקין,כניסה / יציאה נגישה,מדרגות + דרגנועים + מעלית, ,אדום,תחתית,קיימת,202502.000000000000000,נתע,מטרופולין תל אביב,אהרונוביץ׳,B
-1,185640.325299999676645,667380.838700000196695,יציאה A - בני ברק,כניסה / יציאה נגישה,מדרגות + דרגנועים + מעלית, ,אדום,תחתית,קיימת,202502.000000000000000,נתע,מטרופולין תל אביב,גשר אם המושבות,A
-1,185616.994300000369549,667319.482599999755621,"יציאה B - לאזור התעשייה קריית אריה, פתח תקווה",כניסה / יציאה נגישה,מדרגות + דרגנועים + מעלית, ,אדום,תחתית,קיימת,202502.000000000000000,נתע,מטרופולין תל אביב,גשר אם המושבות,B
-1,230666.193500000052154,737008.933299999684095,,,,,נופית,עילית,מתוכננת,202602.000000000000000,חוצה ישראל,מטרופולין חיפה,ריינה,
-1,231907.119500000029802,735684.900900000706315,,,,,נופית,עילית,מתוכננת,202602.000000000000000,חוצה ישראל,מטרופולין חיפה,הר יונה_אזור התעשיה,
-1,231602.871100000105798,734817.436699999496341,,,,,נופית,עילית,מתוכננת,202602.000000000000000,חוצה ישראל,מטרופולין חיפה,אלון,
-1,230802.493099999614060,734379.584699999541044,,,,,נופית,עילית,מתוכננת,202602.000000000000000,חוצה ישראל,מטרופולין חיפה,גלעד,
-1,230426.218899999745190,734111.977099999785423,,,,,נופית,עילית,מתוכננת,202602.000000000000000,חוצה ישראל,מטרופולין חיפה,הגליל,
-1,229950.253700000233948,733892.237900000065565,,,,,נופית,עילית,מתוכננת,202602.000000000000000,חוצה ישראל,מטרופולין חיפה,שרת,
-1,229556.789699999615550,734036.454299999400973,,,,,נופית,עילית,מתוכננת,202602.000000000000000,חוצה ישראל,מטרופולין חיפה,קרית הממשלה,
-1,229048.397300000302494,733440.067700000479817,,,,,נופית,עילית,מתוכננת,202602.000000000000000,חוצה ישראל,מטרופולין חיפה,השוק,
-1,228346.708300000056624,733329.835899999365211,,,,,נופית,עילית,מתוכננת,202602.000000000000000,חוצה ישראל,מטרופולין חיפה,זיאד,
-1,226655.661100000143051,737025.571900000795722,,,,,נופית,עילית,מתוכננת,202602.000000000000000,חוצה ישראל,מטרופולין חיפה,נצרת צפון,
-1,218428.148199999704957,743692.669999999925494,,,,,נופית,עילית,מתוכננת,202602.000000000000000,חוצה ישראל,מטרופולין חיפה,שפרעם מזרח,
-1,204901.349200000055134,745263.381300000473857,,,,,נופית,עילית,מתוכננת,202602.000000000000000,חוצה ישראל,מטרופולין חיפה,דיין,
-1,207215.943300000391901,746003.755899999290705,,,,,נופית,עילית,מתוכננת,202602.000000000000000,חוצה ישראל,מטרופולין חיפה,אתא דרום,
-1,213312.691300000064075,746172.173499999567866,,,,,נופית,עילית,מתוכננת,202602.000000000000000,חוצה ישראל,מטרופולין חיפה,גבעת טל,
-1,221248.907100000418723,741540.758500000461936,,,,,נופית,עילית,מתוכננת,202602.000000000000000,חוצה ישראל,מטרופולין חיפה,יפתחאל,
-1,203637.135499999858439,744391.112500000745058,,,,,נופית,עילית,מתוכננת,202602.000000000000000,חוצה ישראל,מטרופולין חיפה,לב המפרץ,
-1,210157.805100000463426,747112.105900000780821,,,,,נופית,עילית,מתוכננת,202602.000000000000000,חוצה ישראל,מטרופולין חיפה,העצמאות,
-1,210974.780199999921024,747432.953900000080466,,,,,נופית,עילית,מתוכננת,202602.000000000000000,חוצה ישראל,מטרופולין חיפה,בגין,
-1,212745.482099999673665,747439.306800000369549,,,,,נופית,עילית,מתוכננת,202602.000000000000000,חוצה ישראל,מטרופולין חיפה,גלעם,
-1,216191.643400000408292,744616.308499999344349,,,,,נופית,עילית,מתוכננת,202602.000000000000000,חוצה ישראל,מטרופולין חיפה,שפרעם מערב,
-1,176214.147199999541044,656662.728399999439716,,,,,אדום,עילית,מתוכננת,202411.000000000000000,נתע,מטרופולין תל אביב,הקוממיות,
-1,176418.413099999539554,657058.189300000667572,,,,,אדום,עילית,מתוכננת,202411.000000000000000,נתע,מטרופולין תל אביב,העמל,
-1,176658.737999999895692,657606.532700000330806,,,,,אדום,עילית,מתוכננת,202411.000000000000000,נתע,מטרופולין תל אביב,כ""ט בנובמבר,
-1,176019.492200000211596,658349.325300000607967,,,,,אדום,עילית,מתוכננת,202411.000000000000000,נתע,מטרופולין תל אביב,בלפור,
-1,175885.178700000047684,658821.852800000458956,,,,,אדום,עילית,מתוכננת,202411.000000000000000,נתע,מטרופולין תל אביב,זבוטנסקי,
-1,176365.241000000387430,658226.875199999660254,,,,,אדום,עילית,מתוכננת,202411.000000000000000,נתע,מטרופולין תל אביב,בנימין,
-1,175995.227300000376999,659372.181299999356270,,,,,אדום,עילית,מתוכננת,202411.000000000000000,נתע,מטרופולין תל אביב,רוטשילד,
-1,176429.707600000314415,659532.017200000584126,,,,,אדום,עילית,מתוכננת,202411.000000000000000,נתע,מטרופולין תל אביב,העצמאות,
-1,176731.255099999718368,658113.555999999865890,,,,,אדום,עילית,מתוכננת,202411.000000000000000,נתע,מטרופולין תל אביב,יוספטל,
-1,176677.909599999897182,660102.507200000807643,,,,,אדום,עילית,מתוכננת,202411.000000000000000,נתע,מטרופולין תל אביב,מחרוזת,
-1,177080.078800000250340,660702.524000000208616,,,,,אדום,עילית,מתוכננת,202411.000000000000000,נתע,מטרופולין תל אביב,הבעש""ט,
-1,177201.424999999813735,661081.934599999338388,,,,,אדום,עילית,מתוכננת,202411.000000000000000,נתע,מטרופולין תל אביב,איסקוב,
-1,177324.759399999864399,661510.241699999198318,,,,,אדום,עילית,מתוכננת,202411.000000000000000,נתע,מטרופולין תל אביב,ארליך,
-1,177382.425200000405312,661979.740800000727177,,,,,אדום,עילית,מתוכננת,202411.000000000000000,נתע,מטרופולין תל אביב,בן צבי,
-1,177434.901300000026822,662428.635900000110269,,,,,אדום,עילית,מתוכננת,202411.000000000000000,נתע,מטרופולין תל אביב,סלמה,
-1,177768.335500000044703,662880.479599999263883,,,,,אדום,עילית,מתוכננת,202411.000000000000000,נתע,מטרופולין תל אביב,אליפלט,
-1,186298.317900000140071,666649.336799999698997,,,,,אדום,עילית,מתוכננת,202411.000000000000000,נתע,מטרופולין תל אביב,שנקר,
-1,187060.247499999590218,666567.258300000801682,,,,,אדום,עילית,מתוכננת,202411.000000000000000,נתע,מטרופולין תל אביב,שחם,
-1,187120.498100000433624,668115.773900000378489,,,,,אדום,עילית,מתוכננת,202411.000000000000000,נתע,מטרופולין תל אביב,קרית אריה,
-1,187579.468000000342727,666511.167999999597669,,,,,אדום,עילית,מתוכננת,202411.000000000000000,נתע,מטרופולין תל אביב,בילינסון,
-1,188085.375699999742210,666452.705800000578165,,,,,אדום,עילית,מתוכננת,202411.000000000000000,נתע,מטרופולין תל אביב,דנקנר,
-1,188591.776899999938905,666554.837400000542402,,,,,אדום,עילית,מתוכננת,202411.000000000000000,נתע,מטרופולין תל אביב,קרול,
-1,189033.328399999998510,666756.102900000289083,,,,,אדום,עילית,מתוכננת,202411.000000000000000,נתע,מטרופולין תל אביב,פינסקר,
-1,189442.386500000022352,666860.564699999988079,,,,,אדום,עילית,מתוכננת,202411.000000000000000,נתע,מטרופולין תל אביב,תחנה מרכזית פתח,
-1,190680.953599999658763,659174.507699999958277,,,,,סגול,עילית,מתוכננת,202411.000000000000000,נתע,מטרופולין תל אביב,אופק,
-1,189991.868800000287592,659296.683000000193715,,,,,סגול,עילית,מתוכננת,202411.000000000000000,נתע,מטרופולין תל אביב,וייצמן,
-1,185838.446000000461936,664238.189799999818206,,,,,סגול,עילית,מתוכננת,202411.000000000000000,נתע,מטרופולין תל אביב,אוניברסיטת בר-אילן - מזרח,
-1,185520.107400000095367,663972.221999999135733,,,,,סגול,עילית,מתוכננת,202411.000000000000000,נתע,מטרופולין תל אביב,אוניברסיטת בר-אילן - מרכז,
-1,185571.076100000180304,663342.413599999621511,,,,,סגול,עילית,מתוכננת,202411.000000000000000,נתע,מטרופולין תל אביב,גני אילן,
-1,187412.886800000444055,660050.207900000736117,,,,,סגול,עילית,מתוכננת,202411.000000000000000,נתע,מטרופולין תל אביב,צומת סביון,
-1,184815.295099999755621,660471.670600000768900,,,,,סגול,עילית,מתוכננת,202411.000000000000000,נתע,מטרופולין תל אביב,מסובים,
-1,186291.949300000444055,660265.819800000637770,,,,,סגול,עילית,מתוכננת,202411.000000000000000,נתע,מטרופולין תל אביב,יגאל אלון,
-1,188495.140300000086427,659741.578900000080466,,,,,סגול,עילית,מתוכננת,202411.000000000000000,נתע,מטרופולין תל אביב,סביונים,
-1,187842.438500000163913,660122.052300000563264,,,,,סגול,עילית,מתוכננת,202411.000000000000000,נתע,מטרופולין תל אביב,מונוסון - גדות,
-1,179623.886500000022352,665835.743799999356270,,,,,סגול,עילית,מתוכננת,202411.000000000000000,נתע,מטרופולין תל אביב,אבן גבירול - ארלוזורוב,
-1,185033.663800000213087,661527.494899999350309,,,,,סגול,עילית,מתוכננת,202411.000000000000000,נתע,מטרופולין תל אביב,שיבא - מרכז,
-1,184916.407499999739230,662098.313899999484420,,,,,סגול,עילית,מתוכננת,202411.000000000000000,נתע,מטרופולין תל אביב,רמת אפעל,
-1,184546.294099999591708,662596.478700000792742,,,,,סגול,עילית,מתוכננת,202411.000000000000000,נתע,מטרופולין תל אביב,אלוף שדה,
-1,183855.995600000023842,662933.983400000259280,,,,,סגול,עילית,מתוכננת,202411.000000000000000,נתע,מטרופולין תל אביב,הירדן,
-1,183194.607800000347197,662997.974899999797344,,,,,סגול,עילית,מתוכננת,202411.000000000000000,נתע,מטרופולין תל אביב,רזיאל,
-1,182772.510800000280142,662874.735799999907613,,,,,סגול,עילית,מתוכננת,202411.000000000000000,נתע,מטרופולין תל אביב,כורזין,
-1,182207.006799999624491,662921.036199999973178,,,,,סגול,עילית,מתוכננת,202411.000000000000000,נתע,מטרופולין תל אביב,המאבק,
-1,181836.430300000123680,662611.904200000688434,,,,,סגול,עילית,מתוכננת,202411.000000000000000,נתע,מטרופולין תל אביב,כפר שלם,
-1,181195.483400000259280,662313.113399999216199,,,,,סגול,עילית,מתוכננת,202411.000000000000000,נתע,מטרופולין תל אביב,דרך משה דיין,
-1,180850.304800000041723,662339.589400000870228,,,,,סגול,עילית,מתוכננת,202411.000000000000000,נתע,מטרופולין תל אביב,גבעתי,
-1,180342.292700000107288,662385.885900000110269,,,,,סגול,עילית,מתוכננת,202411.000000000000000,נתע,מטרופולין תל אביב,התקווה,
-1,179746.153500000014901,662500.195000000298023,,,,,סגול,עילית,מתוכננת,202411.000000000000000,נתע,מטרופולין תל אביב,ההגנה,
-1,179416.904099999926984,662660.392799999564886,,,,,סגול,עילית,מתוכננת,202411.000000000000000,נתע,מטרופולין תל אביב,נוה שאנן,
-1,178740.231900000013411,663340.293700000271201,,,,,סגול,עילית,מתוכננת,202411.000000000000000,נתע,מטרופולין תל אביב,אלנבי - ליליינבלום,
-1,178615.524500000290573,663702.633700000122190,,,,,סגול,עילית,מתוכננת,202411.000000000000000,נתע,מטרופולין תל אביב,מונטיפיורי,
-1,178451.167100000195205,664205.413599999621511,,,,,סגול,עילית,מתוכננת,202411.000000000000000,נתע,מטרופולין תל אביב,הכרמל,
-1,178272.670900000259280,664570.193399999290705,,,,,סגול,עילית,מתוכננת,202411.000000000000000,נתע,מטרופולין תל אביב,אידלסון,
-1,178300.265999999828637,665019.416500000283122,,,,,סגול,עילית,מתוכננת,202411.000000000000000,נתע,מטרופולין תל אביב,בוגרשוב,
-1,178551.950899999588728,665527.950200000777841,,,,,סגול,עילית,מתוכננת,202411.000000000000000,נתע,מטרופולין תל אביב,גורדון,
-1,178909.637400000356138,666038.173800000920892,,,,,סגול,עילית,מתוכננת,202411.000000000000000,נתע,מטרופולין תל אביב,דיזנגוף,
-1,180247.299200000241399,665671.750299999490380,,,,,סגול,עילית,מתוכננת,202411.000000000000000,נתע,מטרופולין תל אביב,איכילוב,
-1,179189.600399999879301,662782.383400000631809,,,,,סגול,עילית,מתוכננת,202411.000000000000000,נתע,מטרופולין תל אביב,גינת לוינסקי,
-1,185582.957499999552965,660386.806800000369549,,,,,סגול,עילית,מתוכננת,202411.000000000000000,נתע,מטרופולין תל אביב,קזז,
-1,186856.129599999636412,660138.913399999961257,,,,,סגול,עילית,מתוכננת,202411.000000000000000,נתע,מטרופולין תל אביב,שמעון פרס,
-1,178843.408900000154972,662952.314600000157952,,,,,סגול,עילית,מתוכננת,202411.000000000000000,נתע,מטרופולין תל אביב,העליה,
-1,180930.161000000312924,665594.176200000569224,,,,,סגול,עילית,מתוכננת,202411.000000000000000,נתע,מטרופולין תל אביב,תל אביב - מרכז,
-1,191527.651899999938905,659748.553400000557303,,,,,סגול,עילית,מתוכננת,202411.000000000000000,נתע,מטרופולין תל אביב,הטייסים,
-1,185518.468899999745190,662858.661499999463558,,,,,סגול,עילית,מתוכננת,202411.000000000000000,נתע,מטרופולין תל אביב,קריית קריניצי,
-1,184892.824599999934435,660994.144999999552965,,,,,סגול,עילית,מתוכננת,202411.000000000000000,נתע,מטרופולין תל אביב,שיבא - דרום,
-1,185176.263899999670684,660456.698300000280142,,,,,סגול,עילית,מתוכננת,202411.000000000000000,נתע,מטרופולין תל אביב,רמת פנקס,
-1,189516.554499999620020,659346.084899999201298,,,,,סגול,עילית,מתוכננת,202411.000000000000000,נתע,מטרופולין תל אביב,יהוד - מרכז,
-1,188914.810700000263751,659351.974999999627471,,,,,סגול,עילית,מתוכננת,202411.000000000000000,נתע,מטרופולין תל אביב,צומת יהוד - מערב,
-1,181482.297299999743700,673520.238399999216199,,,,,ירוק,עילית,מתוכננת,202411.000000000000000,נתע,מטרופולין תל אביב,אלטנוילנד,
-1,179697.953800000250340,668791.287699999287724,,,,,ירוק,עילית,מתוכננת,202411.000000000000000,נתע,מטרופולין תל אביב,איינשטיין,
-1,181714.729399999603629,674022.602800000458956,,,,,ירוק,עילית,מתוכננת,202411.000000000000000,נתע,מטרופולין תל אביב,החושלים,
-1,184811.684100000187755,668583.590399999171495,,,,,ירוק,עילית,מתוכננת,202411.000000000000000,נתע,מטרופולין תל אביב,הנחושת,
-1,181306.990199999883771,673111.812400000169873,,,,,ירוק,עילית,מתוכננת,202411.000000000000000,נתע,מטרופולין תל אביב,חוף תכלת - צפון,
-1,181186.909599999897182,672691.204399999231100,,,,,ירוק,עילית,מתוכננת,202411.000000000000000,נתע,מטרופולין תל אביב,חוף תכלת - דרום,
-1,181865.836799999698997,674425.691899999976158,,,,,ירוק,עילית,מתוכננת,202411.000000000000000,נתע,מטרופולין תל אביב,אבא אבן,
-1,181031.615399999544024,672267.515399999916553,,,,,ירוק,עילית,מתוכננת,202411.000000000000000,נתע,מטרופולין תל אביב,יוניצמן,
-1,180924.474799999967217,671855.955000000074506,,,,,ירוק,עילית,מתוכננת,202411.000000000000000,נתע,מטרופולין תל אביב,מרים ילין-שטקליס,
-1,180768.043100000359118,671511.230200000107288,,,,,ירוק,עילית,מתוכננת,202411.000000000000000,נתע,מטרופולין תל אביב,מרים בן-פורת,
-1,180555.175999999977648,671093.202299999073148,,,,,ירוק,עילית,מתוכננת,202411.000000000000000,נתע,מטרופולין תל אביב,שושנה פרסיץ,
-1,180344.996500000357628,670471.125800000503659,,,,,ירוק,עילית,מתוכננת,202411.000000000000000,נתע,מטרופולין תל אביב,אזורי חן,
-1,180201.024100000038743,670039.865599999204278,,,,,ירוק,עילית,מתוכננת,202411.000000000000000,נתע,מטרופולין תל אביב,פרופס,
-1,179959.201299999840558,669470.150299999862909,,,,,ירוק,עילית,מתוכננת,202411.000000000000000,נתע,מטרופולין תל אביב,נופי ים,
-1,180580.940999999642372,668877.026200000196695,,,,,ירוק,עילית,מתוכננת,202411.000000000000000,נתע,מטרופולין תל אביב,נמיר,
-1,180994.015899999998510,668918.811899999156594,,,,,ירוק,עילית,מתוכננת,202411.000000000000000,נתע,מטרופולין תל אביב,בורודצקי,
-1,181448.521499999798834,668734.128000000491738,,,,,ירוק,עילית,מתוכננת,202411.000000000000000,נתע,מטרופולין תל אביב,אוניברסיטת תל אביב,
-1,181400.378899999894202,668303.935599999502301,,,,,ירוק,עילית,מתוכננת,202411.000000000000000,נתע,מטרופולין תל אביב,ברושים,
-1,181821.859500000253320,667883.525299999862909,,,,,ירוק,עילית,מתוכננת,202411.000000000000000,נתע,מטרופולין תל אביב,הירידים,
-1,179524.830099999904633,668088.243300000205636,,,,,ירוק,עילית,מתוכננת,202411.000000000000000,נתע,מטרופולין תל אביב,זהרה לביטוב,
-1,183178.412299999967217,668116.119300000369549,,,,,ירוק,עילית,מתוכננת,202411.000000000000000,נתע,מטרופולין תל אביב,הדר יוסף,
-1,183969.269600000232458,668219.559000000357628,,,,,ירוק,עילית,מתוכננת,202411.000000000000000,נתע,מטרופולין תל אביב,גשר פנחס רוזן,
-1,185398.225200000219047,669328.350700000301003,,,,,ירוק,עילית,מתוכננת,202411.000000000000000,נתע,מטרופולין תל אביב,נווה שרת,
-1,184476.088800000026822,668263.820399999618530,,,,,ירוק,עילית,מתוכננת,202411.000000000000000,נתע,מטרופולין תל אביב,הברזל,
-1,180224.525200000032783,668844.020400000736117,,,,,ירוק,עילית,מתוכננת,202411.000000000000000,נתע,מטרופולין תל אביב,לוי אשכול,
-1,179603.663599999621511,667419.474500000476837,,,,,ירוק,עילית,מתוכננת,202411.000000000000000,נתע,מטרופולין תל אביב,רדינג,
-1,179706.334599999710917,666760.261399999260902,,,,,ירוק,עילית,מתוכננת,202411.000000000000000,נתע,מטרופולין תל אביב,יהודה המכבי,
-1,182465.485100000165403,655951.614600000903010,,,,,ירוק,עילית,מתוכננת,202411.000000000000000,נתע,מטרופולין תל אביב,נחלת יהודה,
-1,179579.324699999764562,666004.030899999663234,,,,,ירוק,תחתית,מתוכננת,202411.000000000000000,נתע,מטרופולין תל אביב,אבן גבירול - ארלוזורוב,
-1,179147.324000000022352,655866.161699999123812,,,,,ירוק,עילית,מתוכננת,202411.000000000000000,נתע,מטרופולין תל אביב,פארק החולות,
-1,179503.822700000368059,665313.580800000578165,,,,,ירוק,תחתית,מתוכננת,202411.000000000000000,נתע,מטרופולין תל אביב,כיכר רבין,
-1,179554.932099999859929,664431.345699999481440,,,,,ירוק,תחתית,מתוכננת,202411.000000000000000,נתע,מטרופולין תל אביב,קפלן,
-1,182324.805700000375509,667867.701600000262260,,,,,ירוק,עילית,מתוכננת,202411.000000000000000,נתע,מטרופולין תל אביב,גני יהושע,
-1,179635.338000000454485,663624.736500000581145,,,,,ירוק,תחתית,מתוכננת,202411.000000000000000,נתע,מטרופולין תל אביב,קרליבך,
-1,178882.118099999614060,662334.050000000745058,,,,,ירוק,עילית,מתוכננת,202411.000000000000000,נתע,מטרופולין תל אביב,שפירא,
-1,179141.375699999742210,662886.036299999803305,,,,,ירוק,עילית,מתוכננת,202411.000000000000000,נתע,מטרופולין תל אביב,גינת לוינסקי,
-1,178727.207600000314415,661808.377199999988079,,,,,ירוק,עילית,מתוכננת,202411.000000000000000,נתע,מטרופולין תל אביב,קיבוץ גלויות,
-1,178573.572399999946356,661227.810499999672174,,,,,ירוק,עילית,מתוכננת,202411.000000000000000,נתע,מטרופולין תל אביב,פארק החורשות,
-1,178804.464300000108778,660956.643600000068545,,,,,ירוק,עילית,מתוכננת,202411.000000000000000,נתע,מטרופולין תל אביב,קריית שלום,
-1,179159.045199999585748,660502.686599999666214,,,,,ירוק,עילית,מתוכננת,202411.000000000000000,נתע,מטרופולין תל אביב,צומת חולון,
-1,178780.459900000132620,659297.694900000467896,,,,,ירוק,עילית,מתוכננת,202411.000000000000000,נתע,מטרופולין תל אביב,תיאטרון חולון,
-1,177409.499400000087917,654987.492499999701977,,,,,ירוק,עילית,מתוכננת,202411.000000000000000,נתע,מטרופולין תל אביב,מסוף דיין,
-1,177842.241700000129640,654843.667600000277162,,,,,ירוק,עילית,מתוכננת,202411.000000000000000,נתע,מטרופולין תל אביב,לישנסקי,
-1,178989.297100000083447,655217.856000000610948,,,,,ירוק,עילית,מתוכננת,202411.000000000000000,נתע,מטרופולין תל אביב,סחרוב,
-1,185092.356999999843538,669023.098600000143051,,,,,ירוק,עילית,מתוכננת,202411.000000000000000,נתע,מטרופולין תל אביב,דבורה הנביאה,
-1,178885.969899999909103,656160.725299999117851,,,,,ירוק,עילית,מתוכננת,202411.000000000000000,נתע,מטרופולין תל אביב,לסקוב,
-1,178714.225300000049174,656529.234400000423193,,,,,ירוק,עילית,מתוכננת,202411.000000000000000,נתע,מטרופולין תל אביב,בר-לב,
-1,178802.686999999918044,657409.575899999588728,,,,,ירוק,עילית,מתוכננת,202411.000000000000000,נתע,מטרופולין תל אביב,לבון,
-1,178754.185600000433624,656976.186300000175834,,,,,ירוק,עילית,מתוכננת,202411.000000000000000,נתע,מטרופולין תל אביב,בגין,
-1,178889.853699999861419,657920.546599999070168,,,,,ירוק,עילית,מתוכננת,202411.000000000000000,נתע,מטרופולין תל אביב,המכון הטכנולוגי חולון,
-1,178934.187300000339746,658258.587600000202656,,,,,ירוק,עילית,מתוכננת,202411.000000000000000,נתע,מטרופולין תל אביב,ההסתדרות,
-1,178980.918300000019372,658915.431199999526143,,,,,ירוק,עילית,מתוכננת,202411.000000000000000,נתע,מטרופולין תל אביב,סוקולוב - מערב,
-1,179437.299100000411272,658886.127499999478459,,,,,ירוק,עילית,מתוכננת,202411.000000000000000,נתע,מטרופולין תל אביב,קראוזה,
-1,179953.848000000230968,658780.096100000664592,,,,,ירוק,עילית,מתוכננת,202411.000000000000000,נתע,מטרופולין תל אביב,סוקולוב - מזרח,
-1,180125.016099999658763,658358.824999999254942,,,,,ירוק,עילית,מתוכננת,202411.000000000000000,נתע,מטרופולין תל אביב,גאולים,
-1,180533.982699999585748,657856.028799999505281,,,,,ירוק,עילית,מתוכננת,202411.000000000000000,נתע,מטרופולין תל אביב,גן הקקטוסים,
-1,180804.769600000232458,657481.851500000804663,,,,,ירוק,עילית,מתוכננת,202411.000000000000000,נתע,מטרופולין תל אביב,המלאכה,
-1,181121.527300000190735,657090.210000000894070,,,,,ירוק,עילית,מתוכננת,202411.000000000000000,נתע,מטרופולין תל אביב,פארק פרס,
-1,181920.003999999724329,656201.668999999761581,,,,,ירוק,עילית,מתוכננת,202411.000000000000000,נתע,מטרופולין תל אביב,חולון - מזרח,
-1,182435.526300000026822,655690.688100000843406,,,,,ירוק,עילית,מתוכננת,202411.000000000000000,נתע,מטרופולין תל אביב,הקריה החקלאית,
-1,181485.048700000159442,656638.412799999117851,,,,,ירוק,עילית,מתוכננת,202411.000000000000000,נתע,מטרופולין תל אביב,המרכבה,
-1,175927.887600000016391,656167.486400000751019,,,,,אדום,עילית,מתוכננת,202411.000000000000000,נתע,מטרופולין תל אביב,מנחם בגין,
-1,175781.968799999915063,655745.393300000578165,,,,,אדום,עילית,מתוכננת,202411.000000000000000,נתע,מטרופולין תל אביב,כורש,
-1,176619.677400000393391,655302.602600000798702,,,,,אדום,עילית,מתוכננת,202411.000000000000000,נתע,מטרופולין תל אביב,רחבעם זאבי,
-1,177179.324900000356138,655159.769700000062585,,,,,אדום,עילית,מתוכננת,202411.000000000000000,נתע,מטרופולין תל אביב,שמעון ישראלי,
-1,178608.977900000289083,654528.191199999302626,,,,,ירוק,עילית,מתוכננת,202411.000000000000000,נתע,מטרופולין תל אביב,ילדי טהרן,
-1,223155.955000000074506,633358.578299999237061,,,,,ירוק_תכלת,תחתית,מתוכננת,202409.000000000000000,צתאל,מטרופולין ירושלים,האוניברסיטה הר הצופים,
-1,222176.805800000205636,633684.822000000625849,,,,,ירוק_תכלת,עילית,מתוכננת,202409.000000000000000,צתאל,מטרופולין ירושלים,קריית הממשלה בגין,
-1,222826.961600000038743,633763.154300000518560,,,,,ירוק_תכלת,עילית,מתוכננת,202409.000000000000000,צתאל,מטרופולין ירושלים,הדסה הר הצופים,
-1,222517.174999999813735,633832.935499999672174,,,,,ירוק_תכלת,עילית,מתוכננת,202409.000000000000000,צתאל,מטרופולין ירושלים,אהרון קציר,
-1,217967.338299999944866,626496.414200000464916,,,,,ירוק_כחול,עילית,מתוכננת,202409.000000000000000,צתאל,מטרופולין ירושלים,לשם,
-1,218371.093100000172853,626508.298800000920892,,,,,ירוק_כחול,עילית,מתוכננת,202409.000000000000000,צתאל,מטרופולין ירושלים,הגננת,
-1,217677.895800000056624,626657.339299999177456,,,,,ירוק_כחול,עילית,מתוכננת,202409.000000000000000,צתאל,מטרופולין ירושלים,צביה ויצחק,
-1,218527.809100000187755,626770.462400000542402,,,,,ירוק,עילית,מתוכננת,202409.000000000000000,צתאל,מטרופולין ירושלים,הרוזמרין,
-1,217321.792799999937415,626827.049000000581145,,,,,ירוק_כחול,עילית,מתוכננת,202409.000000000000000,צתאל,מטרופולין ירושלים,החסידה,
-1,217307.451200000010431,627200.174900000914931,,,,,ירוק_כחול,עילית,מתוכננת,202409.000000000000000,צתאל,מטרופולין ירושלים,אודם,
-1,218555.666299999691546,627267.559699999168515,,,,,ירוק,עילית,מתוכננת,202409.000000000000000,צתאל,מטרופולין ירושלים,שבתאי נגבי,
-1,217243.028400000184774,627421.866100000217557,,,,,ירוק_כחול,עילית,מתוכננת,202409.000000000000000,צתאל,מטרופולין ירושלים,יער גילה,
-1,218743.046799999661744,627722.844699999317527,,,,,ירוק,עילית,מתוכננת,202409.000000000000000,צתאל,מטרופולין ירושלים,דב יוסף - מרכז,
-1,218867.180800000205636,628319.207000000402331,,,,,ירוק,עילית,מתוכננת,202409.000000000000000,צתאל,מטרופולין ירושלים,בית צפאפא,
-1,220041.787700000219047,628696.347699999809265,,,,,תכלת_ורוד,עילית,מתוכננת,202409.000000000000000,צתאל,מטרופולין ירושלים,הפרסה,
-1,218940.362099999561906,628862.973999999463558,,,,,ירוק_תכלת_סגול_ירוק מקוקו,עילית,מתוכננת,202409.000000000000000,צתאל,מטרופולין ירושלים,גוננים,
-1,220366.210799999535084,628898.575200000777841,,,,,תכלת_סגול,עילית,מתוכננת,202409.000000000000000,צתאל,מטרופולין ירושלים,פייר קניג,
-1,218858.576899999752641,629300.240700000897050,,,,,ירוק_ורוד_ירוק מקוקו,עילית,מתוכננת,202409.000000000000000,צתאל,מטרופולין ירושלים,צומת פת,
-1,220477.355800000019372,629534.106399999931455,,,,,תכלת_סגול,עילית,מתוכננת,202409.000000000000000,צתאל,מטרופולין ירושלים,אורנים,
-1,219026.691800000146031,629837.944499999284744,,,,,ירוק_ורוד_ירוק מקוקו,עילית,מתוכננת,202409.000000000000000,צתאל,מטרופולין ירושלים,גבעת מרדכי,
-1,218707.220800000242889,630461.134099999442697,,,,,ירוק_ורוד_ירוק מקוקו,עילית,מתוכננת,202409.000000000000000,צתאל,מטרופולין ירושלים,בצלאל בזק,
-1,218667.865199999883771,631060.415999999269843,,,,,ירוק_ורוד_ירוק מקוקו,עילית,מתוכננת,202409.000000000000000,צתאל,מטרופולין ירושלים,פארק העברית,
-1,218592.908300000242889,631622.212300000712276,,,,,ירוק_ורוד_ירוק מקוקו,עילית,מתוכננת,202409.000000000000000,צתאל,מטרופולין ירושלים,קריית האוניברסיטה ספרא,
-1,218828.528900000266731,632000.293700000271201,,,,,ירוק_ורוד_ירוק מקוקו,עילית,מתוכננת,202409.000000000000000,צתאל,מטרופולין ירושלים,גבעת רם,
-1,219097.940999999642372,632458.806900000199676,,,,,ירוק_ורוד_צהוב_ירוק מקוקו,עילית,מתוכננת,202409.000000000000000,צתאל,מטרופולין ירושלים,קריית הממשלה,
-1,219368.008500000461936,632791.775299999862909,,,,,ירוק_ירוק בהיר_ירוק מקוקו,עילית,מתוכננת,202409.000000000000000,צתאל,מטרופולין ירושלים,בנייני האומה,
-1,219701.688599999994040,633028.230900000780821,,,,,ירוק_ירוק בהיר,עילית,מתוכננת,202409.000000000000000,צתאל,מטרופולין ירושלים,שרי ישראל,
-1,219938.060200000181794,633302.234500000253320,,,,,ירוק_ירוק בהיר,עילית,מתוכננת,202409.000000000000000,צתאל,מטרופולין ירושלים,שמגר,
-1,220331.363900000229478,633362.713099999353290,,,,,ירוק_ירוק בהיר,עילית,מתוכננת,202409.000000000000000,צתאל,מטרופולין ירושלים,ירמיהו,
-1,220844.460799999535084,633623.726500000804663,,,,,ירוק_ירוק בהיר,עילית,מתוכננת,202409.000000000000000,צתאל,מטרופולין ירושלים,צומת מרן הרב עובדיה יוסף,
-1,221178.894700000062585,633858.729499999433756,,,,,ירוק_ירוק בהיר,עילית,מתוכננת,202409.000000000000000,צתאל,מטרופולין ירושלים,שדרות אשכול,
-1,221785.862099999561906,633889.346699999645352,,,,,ירוק_ירוק בהיר_תכלת,עילית,מתוכננת,202409.000000000000000,צתאל,מטרופולין ירושלים,זלמן שרגאי,
-1,221427.107099999673665,633666.842399999499321,,,,,תכלת,עילית,מתוכננת,202409.000000000000000,צתאל,מטרופולין ירושלים,קרל נטר,
-1,222680.990100000053644,634247.295600000768900,,,,,ירוק_תכלת,עילית,מתוכננת,202409.000000000000000,צתאל,מטרופולין ירושלים,הגבעה הצרפתית,
-1,219404.633999999612570,626584.076899999752641,,,,,כחול,עילית,מתוכננת,202409.000000000000000,צתאל,מטרופולין ירושלים,בית צפאפא,
-1,219070.850999999791384,626637.429099999368191,,,,,כחול,עילית,מתוכננת,202409.000000000000000,צתאל,מטרופולין ירושלים,המור,
-1,218646.240299999713898,626692.068800000473857,,,,,כחול,עילית,מתוכננת,202409.000000000000000,צתאל,מטרופולין ירושלים,דב יוסף (כחול),
-1,220094.232099999673665,627204.484200000762939,,,,,כחול_סגול,עילית,מתוכננת,202409.000000000000000,צתאל,מטרופולין ירושלים,שמואל מאיר,
-1,220278.658999999985099,627548.744100000709295,,,,,כחול_סגול,עילית,מתוכננת,202409.000000000000000,צתאל,מטרופולין ירושלים,גבעת המטוס,
-1,220609.995199999772012,628087.196799999102950,,,,,כחול_סגול_ורוד,עילית,מתוכננת,202409.000000000000000,צתאל,מטרופולין ירושלים,ברעם,
-1,217875.105800000019372,628456.704399999231100,,,,,תכלת_ירוק מקוקו,עילית,מתוכננת,202409.000000000000000,צתאל,מטרופולין ירושלים,יצחק מודעי,
-1,217649.976900000125170,628517.611800000071526,,,,,תכלת_ירוק מקוקו,עילית,מתוכננת,202409.000000000000000,צתאל,מטרופולין ירושלים,מנחת (מלחה),
-1,220842.960300000384450,628657.515799999237061,,,,,כחול,עילית,מתוכננת,202409.000000000000000,צתאל,מטרופולין ירושלים,התנופה,
-1,219279.241000000387430,628737.619300000369549,,,,,תכלת_ורוד,עילית,מתוכננת,202409.000000000000000,צתאל,מטרופולין ירושלים,פת,
-1,218340.034199999645352,628809.812000000849366,,,,,תכלת_סגול_ירוק מקוקו,עילית,מתוכננת,202409.000000000000000,צתאל,מטרופולין ירושלים,קריית הספורט מלחה (מנחת),
-1,219743.785899999551475,628858.308100000023842,,,,,תכלת_ורוד,עילית,מתוכננת,202409.000000000000000,צתאל,מטרופולין ירושלים,תלפיות,
-1,217902.948099999688566,628912.521299999207258,,,,,תכלת_סגול_ירוק מקוקו,עילית,מתוכננת,202409.000000000000000,צתאל,מטרופולין ירושלים,האייל,
-1,221011.406600000336766,629094.694700000807643,,,,,כחול,עילית,מתוכננת,202409.000000000000000,צתאל,מטרופולין ירושלים,עין גדי,
-1,221215.671199999749660,629510.928400000557303,,,,,כחול,עילית,מתוכננת,202409.000000000000000,צתאל,מטרופולין ירושלים,אסתר המלכה,
-1,221365.666400000452995,629862.197799999266863,,,,,כחול,עילית,מתוכננת,202409.000000000000000,צתאל,מטרופולין ירושלים,דרך חברון,
-1,220904.640599999576807,630122.392699999734759,,,,,תכלת,עילית,מתוכננת,202409.000000000000000,צתאל,מטרופולין ירושלים,רחל אמנו,
-1,221324.781299999915063,630656.084899999201298,,,,,כחול_תכלת,עילית,מתוכננת,202409.000000000000000,צתאל,מטרופולין ירושלים,החאן,
-1,221026.057599999941885,631105.618200000375509,,,,,כחול_תכלת,עילית,מתוכננת,202409.000000000000000,צתאל,מטרופולין ירושלים,כיכר פלומר,
-1,220678.843100000172853,631464.773399999365211,,,,,כחול_תכלת,עילית,מתוכננת,202409.000000000000000,צתאל,מטרופולין ירושלים,כיכר צרפת,
-1,220534.130800000391901,631786.048100000247359,,,,,כחול_תכלת,עילית,מתוכננת,202409.000000000000000,צתאל,מטרופולין ירושלים,שמואל הנגיד,
-1,220661.156100000254810,632190.136800000444055,,,,,כחול_תכלת,עילית,מתוכננת,202409.000000000000000,צתאל,מטרופולין ירושלים,יפו מרכז,
-1,219827.346199999563396,634166.866100000217557,,,,,כחול,עילית,מתוכננת,202409.000000000000000,צתאל,מטרופולין ירושלים,הר חוצבים,
-1,220253.445199999958277,634130.661100000143051,,,,,כחול,עילית,מתוכננת,202409.000000000000000,צתאל,מטרופולין ירושלים,הרטום,
-1,219411.797699999995530,635004.650800000876188,,,,,כחול,עילית,מתוכננת,202409.000000000000000,צתאל,מטרופולין ירושלים,יגאל ידין,
-1,218978.148900000378489,635536.741299999877810,,,,,כחול,עילית,מתוכננת,202409.000000000000000,צתאל,מטרופולין ירושלים,טרומן,
-1,218525.571399999782443,636178.837099999189377,,,,,כחול,עילית,מתוכננת,202409.000000000000000,צתאל,מטרופולין ירושלים,רמות מרכז,
-1,217993.160899999551475,636813.211100000888109,,,,,כחול,עילית,מתוכננת,202409.000000000000000,צתאל,מטרופולין ירושלים,רמות אינטרמודל,
-1,220806.831399999558926,632730.201300000771880,,,,,כחול_תכלת,תחתית,מתוכננת,202409.000000000000000,צתאל,מטרופולין ירושלים,מאה שערים,
-1,221009.778199999593198,633302.650599999353290,,,,,כחול_תכלת,תחתית,מתוכננת,202409.000000000000000,צתאל,מטרופולין ירושלים,צפניה,
-1,220905.101400000043213,633679.693600000813603,,,,,כחול,תחתית,מתוכננת,202409.000000000000000,צתאל,מטרופולין ירושלים,בר אילן,
-1,217268.509600000455976,632730.984200000762939,,,,,ירוק בהיר_ורוד,עילית,מתוכננת,202409.000000000000000,צתאל,מטרופולין ירושלים,הר נוף,
-1,217620.300300000235438,632770.036699999123812,,,,,ירוק בהיר_ורוד,עילית,מתוכננת,202409.000000000000000,צתאל,מטרופולין ירושלים,כנפי נשרים - מרכז,
-1,217986.696000000461936,632766.385500000789762,,,,,ירוק בהיר_ורוד,עילית,מתוכננת,202409.000000000000000,צתאל,מטרופולין ירושלים,גבעת שאול,
-1,218633.190799999982119,632765.062599999830127,,,,,ירוק בהיר_ורוד,עילית,מתוכננת,202409.000000000000000,צתאל,מטרופולין ירושלים,הרב צבי יהודה,
-1,219472.299100000411272,631283.589600000530481,,,,,צהוב,עילית,מתוכננת,202409.000000000000000,צתאל,מטרופולין ירושלים,מוזיאון ישראל,
-1,219376.202300000004470,631615.695299999788404,,,,,צהוב,עילית,מתוכננת,202409.000000000000000,צתאל,מטרופולין ירושלים,הכנסת,
-1,219213.853600000031292,632045.591099999845028,,,,,צהוב,עילית,מתוכננת,202409.000000000000000,צתאל,מטרופולין ירושלים,בית המשפט,
-1,217285.154500000178814,630909.080800000578165,,,,,אדום_אדום מקוקו,עילית,קיימת,202409.000000000000000,צתאל,מטרופולין ירושלים,הר הרצל,
-1,217608.295400000177324,631580.600600000470877,,,,,אדום_אדום מקוקו,עילית,קיימת,202409.000000000000000,צתאל,מטרופולין ירושלים,יפה נוף,
-1,217926.555999999865890,631990.186300000175834,,,,,אדום_אדום מקוקו,עילית,קיימת,202409.000000000000000,צתאל,מטרופולין ירושלים,כיכר דניה,
-1,218225.374400000087917,632232.922399999573827,,,,,אדום_אדום מקוקו,עילית,קיימת,202409.000000000000000,צתאל,מטרופולין ירושלים,החלוץ,
-1,220473.971400000154972,632431.627199999988079,,,,,אדום_צהוב_ירוק מקוקו,עילית,קיימת,202409.000000000000000,צתאל,מטרופולין ירושלים,הדווידקה,
-1,220766.089499999769032,632246.230299999937415,,,,,אדום_צהוב_ירוק מקוקו,עילית,קיימת,202409.000000000000000,צתאל,מטרופולין ירושלים,יפו - מרכז,
-1,221306.425099999643862,631880.930900000035763,,,,,אדום_ירוק מקוקו,עילית,קיימת,202409.000000000000000,צתאל,מטרופולין ירושלים,העירייה,
-1,221673.383500000461936,632192.270899999886751,,,,,אדום_חום_ירוק מקוקו,עילית,קיימת,202409.000000000000000,צתאל,מטרופולין ירושלים,שער שכם,
-1,218858.239400000311434,632613.654200000688434,,,,,אדום_אדום מקוקו,עילית,קיימת,202409.000000000000000,צתאל,מטרופולין ירושלים,קריית משה,
-1,219277.389100000262260,632862.385299999266863,,,,,אדום_צהוב_אדום מקוקו,עילית,קיימת,202409.000000000000000,צתאל,מטרופולין ירושלים,התחנה המרכזית,
-1,219688.963600000366569,632791.899900000542402,,,,,אדום_צהוב_אדום מקוקו_ירוק,עילית,קיימת,202409.000000000000000,צתאל,מטרופולין ירושלים,הטורים,
-1,220115.176699999719858,632591.418099999427795,,,,,אדום_צהוב_ירוק מקוקו,עילית,קיימת,202409.000000000000000,צתאל,מטרופולין ירושלים,מחנה יהודה,
-1,221605.193799999542534,632620.982100000604987,,,,,אדום_חום,עילית,קיימת,202409.000000000000000,צתאל,מטרופולין ירושלים,שבטי ישראל,
-1,221528.193599999882281,633366.909700000658631,,,,,אדום_חום,עילית,קיימת,202409.000000000000000,צתאל,מטרופולין ירושלים,שמעון הצדיק,
-1,222068.286899999715388,634041.865599999204278,,,,,אדום_ירוק בהיר_חום,עילית,קיימת,202409.000000000000000,צתאל,מטרופולין ירושלים,גבעת התחמושת,
-1,221854.430900000035763,635734.197899999096990,,,,,אדום_ירוק בהיר_חום,עילית,קיימת,202409.000000000000000,צתאל,מטרופולין ירושלים,שועפאט,
-1,222136.831899999640882,635379.736199999228120,,,,,אדום_ירוק בהיר_חום,עילית,קיימת,202409.000000000000000,צתאל,מטרופולין ירושלים,א-סהל,
-1,222277.654600000008941,634749.496600000187755,,,,,אדום_ירוק בהיר_חום,עילית,קיימת,202409.000000000000000,צתאל,מטרופולין ירושלים,גבעת המבתר,
-1,221790.141200000420213,636334.480299999937415,,,,,אדום_ירוק בהיר,עילית,קיימת,202409.000000000000000,צתאל,מטרופולין ירושלים,בית חנינא,
-1,222595.511400000192225,636770.094299999997020,,,,,אדום_ירוק בהיר,עילית,קיימת,202409.000000000000000,צתאל,מטרופולין ירושלים,פסגת זאב - מרכז,
-1,222754.302299999631941,636285.716000000014901,,,,,אדום_ירוק בהיר,עילית,קיימת,202409.000000000000000,צתאל,מטרופולין ירושלים,יקותיאל אדם,
-1,222840.256000000052154,637035.386399999260902,,,,,אדום_ירוק בהיר,עילית,קיימת,202409.000000000000000,צתאל,מטרופולין ירושלים,סיירת דוכיפת,
-1,222667.678500000387430,637351.894400000572205,,,,,אדום_ירוק בהיר,עילית,קיימת,202409.000000000000000,צתאל,מטרופולין ירושלים,חיל האוויר,
-1,222273.102699999697506,638280.557299999520183,,,,,אדום_ירוק בהיר,עילית,מתוכננת,202409.000000000000000,צתאל,מטרופולין ירושלים,מזל קשת,
-1,222321.076200000010431,637850.789899999275804,,,,,אדום_ירוק בהיר,עילית,מתוכננת,202409.000000000000000,צתאל,מטרופולין ירושלים,משה דיין - צפון,
-1,222589.810800000093877,638366.876299999654293,,,,,אדום_ירוק בהיר,עילית,מתוכננת,202409.000000000000000,צתאל,מטרופולין ירושלים,יצחק טבנקין,
-1,222844.861999999731779,638689.042600000277162,,,,,אדום_ירוק בהיר,עילית,מתוכננת,202409.000000000000000,צתאל,מטרופולין ירושלים,נווה יעקב - צפון,
-1,216611.422399999573827,630483.846300000324845,,,,,אדום_אדום מקוקו,עילית,מתוכננת,202409.000000000000000,צתאל,מטרופולין ירושלים,קריית היובל - מערב,
-1,216008.000500000081956,629693.716800000518560,,,,,אדום_סגול_אדום מקוקו,עילית,מתוכננת,202409.000000000000000,צתאל,מטרופולין ירושלים,הנרייטה סאלד - מזרח,
-1,215635.751899999566376,629709.035800000652671,,,,,אדום_סגול_אדום מקוקו,עילית,מתוכננת,202409.000000000000000,צתאל,מטרופולין ירושלים,קריית מנחם,
-1,215238.824000000022352,629378.620100000873208,,,,,אדום_סגול_אדום מקוקו,עילית,מתוכננת,202409.000000000000000,צתאל,מטרופולין ירושלים,צומת אורה,
-1,214078.369400000199676,630241.317900000140071,,,,,אדום_סגול,עילית,מתוכננת,202409.000000000000000,צתאל,מטרופולין ירושלים,הדסה עין כרם,
-1,216913.047500000335276,630681.562500000000000,,,,,אדום_אדום מקוקו,עילית,מתוכננת,202409.000000000000000,צתאל,מטרופולין ירושלים,שמריהו לוין,
-1,216334.636099999770522,629925.128100000321865,,,,,אדום_סגול_אדום מקוקו,עילית,מתוכננת,202409.000000000000000,צתאל,מטרופולין ירושלים,גן המפלצת,
-1,214412.117600000463426,630165.888100000098348,,,,,אדום_סגול,עילית,מתוכננת,202409.000000000000000,צתאל,מטרופולין ירושלים,בית הספר לרפואה,
-1,216670.690200000070035,629854.492599999532104,,,,,סגול,עילית,מתוכננת,202409.000000000000000,צתאל,מטרופולין ירושלים,חנה סנש,
-1,217283.099399999715388,629438.339500000700355,,,,,סגול,עילית,מתוכננת,202409.000000000000000,צתאל,מטרופולין ירושלים,בוליביה,
-1,220582.944899999536574,640814.396800000220537,,,,,חום,עילית,מתוכננת,202409.000000000000000,צתאל,מטרופולין ירושלים,עטרות דרום,
-1,221461.849499999545515,640991.457299999892712,,,,,חום,עילית,מתוכננת,202409.000000000000000,צתאל,מטרופולין ירושלים,דרך רמאללה,
-1,220579.741799999959767,640329.165100000798702,,,,,חום,עילית,מתוכננת,202409.000000000000000,צתאל,מטרופולין ירושלים,מפעלות,
-1,221095.993400000035763,639610.303200000897050,,,,,חום,עילית,מתוכננת,202409.000000000000000,צתאל,מטרופולין ירושלים,מארג' אבן עמאר,
-1,221231.118099999614060,639285.306600000709295,,,,,חום,עילית,מתוכננת,202409.000000000000000,צתאל,מטרופולין ירושלים,אל בניאס,
-1,221736.257699999958277,637421.622099999338388,,,,,חום,עילית,מתוכננת,202409.000000000000000,צתאל,מטרופולין ירושלים,עבד אל חמיד שומאן,
-1,221677.581399999558926,636609.549100000411272,,,,,חום,עילית,מתוכננת,202409.000000000000000,צתאל,מטרופולין ירושלים,אל סלאח,
-1,222135.814299999736249,632244.078700000420213,,,,,חום,עילית,מתוכננת,202409.000000000000000,צתאל,מטרופולין ירושלים,שער הפרחים,
-1,222725.653800000436604,631939.279600000008941,,,,,חום דרומי,עילית,מתוכננת,202409.000000000000000,צתאל,מטרופולין ירושלים,העופל,
-1,222861.014600000344217,631446.146700000390410,,,,,חום דרומי,עילית,מתוכננת,202409.000000000000000,צתאל,מטרופולין ירושלים,יריחו,
-1,222932.078200000338256,631028.670900000259280,,,,,חום דרומי,עילית,מתוכננת,202409.000000000000000,צתאל,מטרופולין ירושלים,ראס אל עמוד,
-1,223235.134300000034273,630802.118799999356270,,,,,חום דרומי,עילית,מתוכננת,202409.000000000000000,צתאל,מטרופולין ירושלים,אסאלחין,
-1,223503.199599999934435,630333.981100000441074,,,,,חום דרומי,עילית,מתוכננת,202409.000000000000000,צתאל,מטרופולין ירושלים,וואדי קדום,
-1,223469.150600000284612,629819.775000000372529,,,,,חום דרומי,עילית,מתוכננת,202409.000000000000000,צתאל,מטרופולין ירושלים,עין אל לוזה,
-1,223783.938099999912083,629347.083399999886751,,,,,חום דרומי,עילית,מתוכננת,202409.000000000000000,צתאל,מטרופולין ירושלים,אסלעה,
-1,223950.604199999943376,628842.320000000298023,,,,,חום דרומי,עילית,מתוכננת,202409.000000000000000,צתאל,מטרופולין ירושלים,בשיר,
-1,223752.048499999567866,628312.735099999234080,,,,,חום דרומי,עילית,מתוכננת,202409.000000000000000,צתאל,מטרופולין ירושלים,קומבר,
-1,223689.505199999548495,627792.314799999818206,,,,,חום דרומי,עילית,מתוכננת,202409.000000000000000,צתאל,מטרופולין ירושלים,הכביש האמריקאי,
-1,223939.421199999749660,627428.103399999439716,,,,,חום דרומי,עילית,מתוכננת,202409.000000000000000,צתאל,מטרופולין ירושלים,א-שיח' סעד,
-1,221076.952899999916553,631969.327999999746680,,,,,צהוב,עילית,מתוכננת,202409.000000000000000,צתאל,מטרופולין ירושלים,שלומציון המלכה,
-1,221503.907800000160933,631540.044900000095367,,,,,צהוב,עילית,מתוכננת,202409.000000000000000,צתאל,מטרופולין ירושלים,ממילא,
-1,222219.455000000074506,631286.853199999779463,,,,,צהוב,עילית,מתוכננת,202409.000000000000000,צתאל,מטרופולין ירושלים,שער האשפות,
-1,219993.726900000125170,629617.444199999794364,,,,,סגול,עילית,מתוכננת,202409.000000000000000,צתאל,מטרופולין ירושלים,יוסי בן יועזר,
-1,219491.954800000414252,629267.406799999997020,,,,,סגול,עילית,מתוכננת,202409.000000000000000,צתאל,מטרופולין ירושלים,בני בתירא,
-1,219144.787899999879301,629244.624900000169873,,,,,סגול,עילית,מתוכננת,202409.000000000000000,צתאל,מטרופולין ירושלים,אלכסנדריון,
-1,217055.607300000265241,628798.643899999558926,,,,,סגול,מוגבהת,מתוכננת,202409.000000000000000,צתאל,מטרופולין ירושלים,קוליץ,
-1,217052.254700000397861,627166.719900000840425,,,,,ירוק_כחול,עילית,מתוכננת,202409.000000000000000,צתאל,מטרופולין ירושלים,המרגלית,
-1,220623.969200000166893,628652.802200000733137,,,,,סגול_ורוד,עילית,מתוכננת,202409.000000000000000,צתאל,מטרופולין ירושלים,התנופה,
-1,217218.237900000065565,626775.289499999955297,,,,,ירוק_כחול,עילית,מתוכננת,202409.000000000000000,צתאל,מטרופולין ירושלים,גילה - מערב,
-1,220916.330099999904633,627803.375600000843406,,,,,ורוד,עילית,מתוכננת,202409.000000000000000,צתאל,מטרופולין ירושלים,ארנונה-רמת רחל (טנטטיבי),
-1,221510.831399999558926,627645.614299999549985,,,,,ורוד,עילית,מתוכננת,202409.000000000000000,צתאל,מטרופולין ירושלים,מורדות ארנונה (טנטטיבי),
-1,222200.434000000357628,627700.472300000488758,,,,,ורוד,עילית,מתוכננת,202409.000000000000000,צתאל,מטרופולין ירושלים,צור בהאר (טנטטיבי),
-1,222221.327800000086427,628621.451899999752641,,,,,ורוד,עילית,מתוכננת,202409.000000000000000,צתאל,מטרופולין ירושלים,תלפיות מזרח (טנטטיבי),
-1,221543.903400000184774,633942.456100000068545,,,,,ירוק_ירוק בהיר_תכלת,עילית,מתוכננת,202409.000000000000000,צתאל,מטרופולין ירושלים,מעלות דפנה,
-1,217522.234199999831617,628490.717399999499321,,,,,סגול,עילית,מתוכננת,202409.000000000000000,צתאל,מטרופולין ירושלים,גטי מערב,
-1,221581.551099999807775,638833.008099999278784,,,,,חום,עילית,מתוכננת,202409.000000000000000,צתאל,מטרופולין ירושלים,הותיקן,
-1,221872.216799999587238,638592.803700000047684,,,,,חום,עילית,מתוכננת,202409.000000000000000,צתאל,מטרופולין ירושלים,משה סנה,
-1,221777.252000000327826,638213.739299999549985,,,,,חום,עילית,מתוכננת,202409.000000000000000,צתאל,מטרופולין ירושלים,אומר אל חיאם,
-1,222388.085799999535084,628333.697200000286102,,,,,ורוד,עילית,מתוכננת,202409.000000000000000,צתאל,מטרופולין ירושלים,תלפיות מזרח (טנטטיבי),
-1,222418.897099999710917,628017.651900000870228,,,,,ורוד,עילית,מתוכננת,202409.000000000000000,צתאל,מטרופולין ירושלים,תלפיות מזרח (טנטטיבי),
-1,186073.260599999688566,664377.138699999079108,,,,,סגול,עילית,מתוכננת,202412.000000000000000,נתע,מטרופולין תל אביב,רמת הדר - דרום,
-1,186401.097000000067055,664436.392000000923872,,,,,סגול,עילית,מתוכננת,202412.000000000000000,נתע,מטרופולין תל אביב,פארק רמון,
-1,186890.426300000399351,664625.212300000712276,,,,,סגול,עילית,מתוכננת,202412.000000000000000,נתע,מטרופולין תל אביב,כפר גנים,